HYPERTEN,0,1,All
0,0.3790444258172674,0.1666387259010897,0.5456831517183571
1,0.31181894383906117,0.14249790444258173,0.4543168482816429
All,0.6908633696563286,0.3091366303436714,1.0
